USE campus_zhihu;
SET NAMES utf8mb4;
SET CHARACTER_SET_CLIENT = utf8mb4;
SET CHARACTER_SET_RESULTS = utf8mb4;
SET CHARACTER_SET_CONNECTION = utf8mb4;

-- 用户数据 (密码均为BCrypt加密)
-- 管理员: admin/admin123, 教师: teacher01/123456, 学生: student01~student17/123456
INSERT INTO `user` (`id`,`username`,`password`,`nickname`,`avatar`,`email`,`role`,`status`,`gender`,`department`,`bio`) VALUES
(1,'admin','$2a$10$WC.1X5bPzA1cJb4VShuO5..ikmCYgQnh9oXypT3/ugbSIAIN15/GK','系统管理员',NULL,'admin@campus.edu',2,1,1,'信息技术中心','平台管理员'),
(2,'teacher01','$2a$10$GccnnQFcQwbtpJhxInreXOqP.E/RnZafANYzwP18Ott6Ds.nbHedS','王教授',NULL,'wang@campus.edu',1,1,1,'计算机学院','教授，研究方向：人工智能'),
(3,'teacher02','$2a$10$GccnnQFcQwbtpJhxInreXOqP.E/RnZafANYzwP18Ott6Ds.nbHedS','李老师',NULL,'li@campus.edu',1,1,2,'数学学院','副教授，研究方向：数据分析'),
(4,'student01','$2a$10$GccnnQFcQwbtpJhxInreXOqP.E/RnZafANYzwP18Ott6Ds.nbHedS','张明',NULL,'zm@stu.edu',0,1,1,'计算机学院','大三学生，热爱编程'),
(5,'student02','$2a$10$GccnnQFcQwbtpJhxInreXOqP.E/RnZafANYzwP18Ott6Ds.nbHedS','李华',NULL,'lh@stu.edu',0,1,1,'计算机学院','全栈开发爱好者'),
(6,'student03','$2a$10$GccnnQFcQwbtpJhxInreXOqP.E/RnZafANYzwP18Ott6Ds.nbHedS','王芳',NULL,'wf@stu.edu',0,1,2,'外语学院','英语专业大四'),
(7,'student04','$2a$10$GccnnQFcQwbtpJhxInreXOqP.E/RnZafANYzwP18Ott6Ds.nbHedS','赵强',NULL,'zq@stu.edu',0,1,1,'电子学院','嵌入式开发'),
(8,'student05','$2a$10$GccnnQFcQwbtpJhxInreXOqP.E/RnZafANYzwP18Ott6Ds.nbHedS','刘婷',NULL,'lt@stu.edu',0,1,2,'艺术学院','UI设计'),
(9,'student06','$2a$10$GccnnQFcQwbtpJhxInreXOqP.E/RnZafANYzwP18Ott6Ds.nbHedS','陈浩',NULL,'ch@stu.edu',0,1,1,'计算机学院','算法竞赛选手'),
(10,'student07','$2a$10$GccnnQFcQwbtpJhxInreXOqP.E/RnZafANYzwP18Ott6Ds.nbHedS','孙悦',NULL,'sy@stu.edu',0,1,2,'商学院','市场营销'),
(11,'student08','$2a$10$GccnnQFcQwbtpJhxInreXOqP.E/RnZafANYzwP18Ott6Ds.nbHedS','周磊',NULL,'zl@stu.edu',0,1,1,'数学学院','数据科学'),
(12,'student09','$2a$10$GccnnQFcQwbtpJhxInreXOqP.E/RnZafANYzwP18Ott6Ds.nbHedS','吴佳',NULL,'wj@stu.edu',0,1,2,'计算机学院','前端开发'),
(13,'student10','$2a$10$GccnnQFcQwbtpJhxInreXOqP.E/RnZafANYzwP18Ott6Ds.nbHedS','郑凯',NULL,'zk@stu.edu',0,1,1,'机械学院','机器人研究'),
(14,'student11','$2a$10$GccnnQFcQwbtpJhxInreXOqP.E/RnZafANYzwP18Ott6Ds.nbHedS','黄丽',NULL,'hl@stu.edu',0,1,2,'文学院','新闻传播'),
(15,'student12','$2a$10$GccnnQFcQwbtpJhxInreXOqP.E/RnZafANYzwP18Ott6Ds.nbHedS','杨帆',NULL,'yf@stu.edu',0,1,1,'计算机学院','后端开发'),
(16,'student13','$2a$10$GccnnQFcQwbtpJhxInreXOqP.E/RnZafANYzwP18Ott6Ds.nbHedS','何雪',NULL,'hx@stu.edu',0,1,2,'数学学院','统计学'),
(17,'student14','$2a$10$GccnnQFcQwbtpJhxInreXOqP.E/RnZafANYzwP18Ott6Ds.nbHedS','马超',NULL,'mc@stu.edu',0,1,1,'电子学院','物联网'),
(18,'student15','$2a$10$GccnnQFcQwbtpJhxInreXOqP.E/RnZafANYzwP18Ott6Ds.nbHedS','林萍',NULL,'lp@stu.edu',0,1,2,'外语学院','日语专业'),
(19,'student16','$2a$10$GccnnQFcQwbtpJhxInreXOqP.E/RnZafANYzwP18Ott6Ds.nbHedS','徐亮',NULL,'xl@stu.edu',0,1,1,'计算机学院','网络安全'),
(20,'student17','$2a$10$GccnnQFcQwbtpJhxInreXOqP.E/RnZafANYzwP18Ott6Ds.nbHedS','高燕',NULL,'gy@stu.edu',0,1,2,'商学院','电子商务');

-- 标签数据
INSERT INTO `tag` (`id`,`name`,`description`,`question_count`,`sort_order`) VALUES
(1,'Java','Java编程语言相关',8,100),
(2,'Python','Python编程语言相关',5,95),
(3,'Android','Android移动开发',6,90),
(4,'前端开发','HTML/CSS/JS/Vue/React等',4,85),
(5,'数据结构','数据结构与算法',5,80),
(6,'数据库','MySQL/Redis/MongoDB等',4,75),
(7,'考研','考研相关经验分享',3,70),
(8,'四六级','英语四六级考试',2,65),
(9,'校园生活','校园日常、活动通知',3,60),
(10,'实习就业','实习、求职、面试经验',4,55),
(11,'机器学习','机器学习与深度学习',3,50),
(12,'操作系统','操作系统原理',2,45),
(13,'计算机网络','网络原理与协议',2,40),
(14,'毕业设计','毕设选题与开发经验',5,35),
(15,'课程作业','课程作业讨论与求助',3,30);

-- 问题数据 (30+条)
INSERT INTO `question` (`id`,`title`,`content`,`user_id`,`status`,`view_count`,`answer_count`,`like_count`,`favorite_count`,`comment_count`,`created_at`) VALUES
(1,'Java中HashMap和ConcurrentHashMap的区别是什么？','最近在复习Java集合框架，想深入了解HashMap和ConcurrentHashMap在底层实现上的区别，以及在多线程环境下应该如何选择？',4,1,256,3,12,5,4,'2026-01-15 09:30:00'),
(2,'Android Jetpack Compose和传统XML布局各有什么优缺点？','正在学习Android开发，Compose看起来很现代，但XML布局资料更多。求大佬分析下各自的适用场景。',5,1,189,2,8,3,2,'2026-01-18 14:20:00'),
(3,'如何准备计算机专业考研复试？','已过初试，计算机学院复试一般考什么？需要准备项目吗？有经验的学长学姐分享一下。',9,1,342,4,25,15,6,'2026-01-20 10:00:00'),
(4,'Spring Boot项目如何集成Redis做缓存？','需要在Spring Boot项目中使用Redis做数据缓存，有没有完整的配置教程和最佳实践？',15,1,198,3,10,4,3,'2026-01-22 16:45:00'),
(5,'Python爬虫入门推荐哪些学习资源？','想学习Python爬虫，从零开始，求推荐书籍、视频和实战项目。',11,1,167,2,7,3,1,'2026-01-25 08:15:00'),
(6,'四六级听力如何提高？','听力一直是薄弱项，有没有好的训练方法或APP推荐？',6,1,423,5,18,8,7,'2026-02-01 11:30:00'),
(7,'数据结构中红黑树和AVL树的区别？','课上讲了平衡二叉搜索树，但总是搞混红黑树和AVL树，求详细对比。',9,1,145,2,6,2,1,'2026-02-03 15:00:00'),
(8,'MySQL索引优化有哪些常用策略？','数据库课程讲到索引，想了解实际项目中索引优化的常用策略和注意事项。',7,1,213,3,11,5,3,'2026-02-05 09:45:00'),
(9,'校园招聘面试算法题一般考什么？','春招快到了，想提前准备，互联网公司面试常考哪些算法题？LeetCode刷题顺序推荐？',4,1,567,6,32,20,9,'2026-02-07 13:20:00'),
(10,'Vue3和React，前端新手应该先学哪个？','准备学前端框架，Vue3和React各有什么优势？就业前景哪个好？',12,1,298,4,14,6,5,'2026-02-08 17:00:00'),
(11,'如何用Python实现简单的推荐系统？','课程项目要做一个推荐系统，想用协同过滤算法，求具体实现思路和代码参考。',11,1,178,2,9,4,2,'2026-02-10 10:30:00'),
(12,'操作系统中进程和线程的区别？','考试重点，想彻底搞清楚进程和线程的关系，最好有图解。',17,1,234,3,13,7,4,'2026-02-11 14:15:00'),
(13,'毕业设计选题推荐：Web方向有哪些好做的课题？','大四毕设选题，Web方向的，难度适中，能体现技术水平的课题有哪些？',15,1,389,5,21,12,8,'2026-02-12 09:00:00'),
(14,'TCP三次握手和四次挥手详解','计算机网络考试常考内容，求通俗易懂的讲解。',13,1,267,3,15,9,3,'2026-02-13 11:45:00'),
(15,'Android中RecyclerView的性能优化技巧','列表滑动卡顿，有哪些优化RecyclerView性能的方法？',5,1,156,2,8,3,2,'2026-02-14 16:30:00'),
(16,'如何看待ChatGPT在学习中的应用？','AI工具越来越强大，大家觉得用ChatGPT辅助学习算不算作弊？应该如何正确使用？',14,1,478,7,28,10,11,'2026-02-15 08:00:00'),
(17,'Java多线程编程常见的坑有哪些？','最近在学并发编程，踩了不少坑，有经验的大佬来分享下常见问题？',4,1,187,3,10,4,3,'2026-02-16 13:00:00'),
(18,'机器学习入门：线性回归到深度学习的学习路线','想系统学习机器学习，从数学基础到实战项目，求推荐学习路线。',9,1,312,4,19,11,5,'2026-02-17 10:20:00'),
(19,'Spring Security JWT认证实现步骤','需要在Spring Boot项目中实现JWT认证，求详细的实现步骤和代码示例。',15,1,223,3,12,6,4,'2026-02-18 15:40:00'),
(20,'校运动会志愿者招募通知','校园运动会将于3月15日举行，现招募志愿者50名，有兴趣的同学请报名。',2,1,345,2,5,1,3,'2026-02-19 09:00:00'),
(21,'Docker部署Spring Boot项目完整教程','想把毕设项目用Docker部署，求从Dockerfile到docker-compose的完整教程。',7,1,198,2,11,5,2,'2026-02-20 11:30:00'),
(22,'前端面试常考的CSS布局问题','Flex布局、Grid布局、BFC等概念面试常考，求总结。',12,1,176,3,9,4,3,'2026-02-21 14:00:00'),
(23,'Python数据分析：pandas常用操作速查','整理了一份pandas常用操作笔记，分享给大家。',16,1,234,1,14,8,2,'2026-02-22 09:30:00'),
(24,'有没有推荐的Android开源项目可以学习？','想通过阅读源码提高Android开发水平，求推荐优质开源项目。',5,1,167,3,7,3,1,'2026-02-23 16:15:00'),
(25,'数据库设计中范式和反范式如何取舍？','课程项目中数据库设计到底要严格遵循三范式吗？实际项目中是怎么做的？',11,1,145,2,6,2,1,'2026-02-24 10:45:00'),
(26,'研究生导师怎么选？需要注意什么？','准备保研/考研，选导师有哪些注意事项？学长学姐有什么建议？',10,1,289,4,16,9,6,'2026-02-25 13:20:00'),
(27,'Git常用命令和工作流总结','整理了一份Git命令速查表和团队协作工作流，欢迎补充。',19,1,198,2,11,5,3,'2026-02-25 15:00:00'),
(28,'如何提高代码质量？代码规范推荐','写了一年代码感觉还是很乱，有什么好的代码规范和工具推荐？',4,1,156,3,8,3,2,'2026-02-26 09:30:00'),
(29,'实习期间如何快速融入团队？','马上要去实习了，有点紧张，求过来人分享经验。',10,1,234,4,13,5,4,'2026-02-26 14:00:00'),
(30,'Kotlin和Java开发Android，应该选哪个？','Google推荐Kotlin，但很多教程还是Java，纠结中。',7,1,178,3,9,3,2,'2026-02-27 11:00:00'),
(31,'学校图书馆WiFi为什么这么慢？','每次去图书馆上网都很卡，有人知道原因吗？有什么解决办法？',8,1,456,5,20,2,8,'2026-02-27 16:30:00'),
(32,'计算机视觉入门：OpenCV实战项目推荐','想学CV方向，求推荐适合新手的OpenCV实战项目。',9,1,134,2,7,3,1,'2026-02-28 09:00:00');

-- 问题-标签关联
INSERT INTO `question_tag` (`question_id`,`tag_id`) VALUES
(1,1),(1,5),(2,3),(3,7),(4,1),(4,6),(5,2),(6,8),(7,5),(8,6),(9,10),(9,5),
(10,4),(11,2),(11,11),(12,12),(13,14),(13,4),(14,13),(15,3),(16,9),(17,1),
(18,11),(18,2),(19,1),(20,9),(21,1),(21,6),(22,4),(23,2),(24,3),(25,6),
(26,7),(27,1),(28,1),(29,10),(30,3),(30,1),(31,9),(32,2),(32,11);

-- 回答数据 (50+条)
INSERT INTO `answer` (`id`,`content`,`question_id`,`user_id`,`like_count`,`comment_count`,`is_accepted`,`created_at`) VALUES
(1,'HashMap是非线程安全的，底层是数组+链表+红黑树。ConcurrentHashMap通过分段锁（JDK7）或CAS+synchronized（JDK8+）实现线程安全。多线程环境推荐ConcurrentHashMap。',1,2,8,2,1,'2026-01-15 10:30:00'),
(2,'补充一点：HashMap允许key和value为null，而ConcurrentHashMap不允许null键和null值。',1,9,4,1,0,'2026-01-15 11:00:00'),
(3,'另外在JDK8中ConcurrentHashMap的实现改为了Node数组+链表+红黑树，使用CAS和synchronized来保证并发安全。',1,15,3,0,0,'2026-01-16 09:00:00'),
(4,'Compose优点：声明式UI、热重载快、代码量少。缺点：学习成本高、第三方库支持不如XML成熟。XML优点：资料多、生态完善。建议新项目用Compose，维护老项目继续XML。',2,7,6,1,1,'2026-01-19 09:30:00'),
(5,'补充：Compose和XML可以混用，不需要完全二选一。',2,4,3,0,0,'2026-01-19 14:00:00'),
(6,'计科复试一般考：1)上机编程 2)英语面试 3)专业课面试。建议准备1-2个项目，能清楚讲述技术方案和解决的问题。',3,2,15,3,1,'2026-01-21 09:00:00'),
(7,'我去年复试的经验：专业课重点复习数据结构和操作系统，编程题以LeetCode中等难度为主。',3,15,10,2,0,'2026-01-21 14:30:00'),
(8,'面试时不要紧张，老师一般问的都不会太难，主要看你的表达能力和逻辑思维。',3,9,8,1,0,'2026-01-22 10:00:00'),
(9,'还有一点，复试前最好去了解一下目标导师的研究方向，表现出诚意。',3,11,6,0,0,'2026-01-23 11:00:00'),
(10,'推荐使用spring-boot-starter-data-redis，配置很简单。可以用@Cacheable注解实现方法级缓存。',4,2,7,1,1,'2026-01-23 09:00:00'),
(11,'如果需要更细粒度的控制，可以直接使用RedisTemplate操作Redis。',4,4,5,1,0,'2026-01-23 14:00:00'),
(12,'注意缓存穿透和缓存雪崩问题，可以用布隆过滤器和随机过期时间来防范。',4,19,4,0,0,'2026-01-24 10:00:00'),
(13,'推荐《Python网络爬虫权威指南》和崔庆才的爬虫实战视频。先学requests+BeautifulSoup，再学Scrapy框架。',5,11,5,0,1,'2026-01-26 09:00:00'),
(14,'B站有很多免费教程，直接搜"Python爬虫"就行。',5,16,3,0,0,'2026-01-26 14:00:00'),
(15,'推荐几个APP：1)每日英语听力 2)BBC Learning English 3)可可英语。每天坚持精听30分钟，一个月就有明显提高。',6,6,12,3,1,'2026-02-01 14:00:00'),
(16,'VOA慢速英语也很好，先听慢速再听常速。',6,18,6,1,0,'2026-02-02 09:00:00'),
(17,'听力技巧：先看题目划关键词，听的时候重点抓关键信息。',6,10,5,0,0,'2026-02-02 14:00:00'),
(18,'我用的是扇贝听力APP，每天练20分钟，半年从四级听力140分提高到200分。',6,14,8,2,0,'2026-02-03 09:00:00'),
(19,'推荐看YouTube上的一个视频，很直观。',6,8,3,0,0,'2026-02-03 14:00:00'),
(20,'AVL树是严格平衡的，每次插入/删除都要旋转保持平衡，查询效率高但修改效率低。红黑树只保证近似平衡，修改效率更高，所以java的TreeMap用红黑树。',7,2,5,1,1,'2026-02-04 09:00:00'),
(21,'简单说：AVL适合查询多修改少，红黑树适合修改频繁的场景。',7,9,3,0,0,'2026-02-04 14:00:00'),
(22,'1)遵循最左前缀原则 2)避免在索引列上使用函数 3)使用覆盖索引 4)选择性高的列放前面 5)避免过度索引',8,2,8,2,1,'2026-02-06 09:00:00'),
(23,'补充：用EXPLAIN分析SQL执行计划，看是否走了索引。',8,15,5,0,0,'2026-02-06 14:00:00'),
(24,'还有一个技巧：联合索引的列顺序很重要，把区分度高的列放在前面。',8,4,4,1,0,'2026-02-07 09:00:00'),
(25,'高频考题：二叉树遍历、链表反转、动态规划（背包/最长子序列）、排序算法、BFS/DFS、双指针、滑动窗口。建议按分类刷LeetCode Hot100。',9,2,22,5,1,'2026-02-08 09:00:00'),
(26,'推荐《剑指Offer》先刷一遍，再刷LeetCode按难度递进。',9,9,15,2,0,'2026-02-08 14:00:00'),
(27,'字节面试偏好动态规划和字符串处理，腾讯偏好图论和数据结构。',9,15,10,1,0,'2026-02-09 09:00:00'),
(28,'二分查找虽然简单但经常考变体，建议多练。',9,19,6,0,0,'2026-02-09 14:00:00'),
(29,'面试不只是LeetCode，还要准备系统设计题和项目经验。',9,7,8,1,0,'2026-02-10 09:00:00'),
(30,'还有手撕代码的时候要注意边界条件。',9,11,4,0,0,'2026-02-10 14:00:00'),
(31,'Vue3上手更快，生态对国内开发者更友好。React灵活性更高，国外公司用的多。建议先学Vue3快速出成果，再学React拓展视野。',10,12,9,2,1,'2026-02-09 09:00:00'),
(32,'如果目标是大厂，React必须会。如果是中小公司，Vue足够了。',10,5,6,1,0,'2026-02-09 14:00:00'),
(33,'两个都学不难，框架只是工具，核心是理解响应式原理和组件化思想。',10,4,5,0,0,'2026-02-10 09:00:00'),
(34,'我两个都用过，Vue3的Composition API和React Hooks很像。',10,19,4,0,0,'2026-02-10 14:00:00'),
(35,'协同过滤有两种：基于用户的和基于物品的。推荐先实现基于物品的协同过滤，用余弦相似度计算物品相似度矩阵。可以参考Surprise库。',11,2,7,1,1,'2026-02-11 09:00:00'),
(36,'最简单的方式是用sklearn的NearestNeighbors实现KNN推荐。',11,16,4,0,0,'2026-02-11 14:00:00'),
(37,'进程是资源分配的单位，线程是CPU调度的单位。进程有独立地址空间，线程共享所属进程的地址空间。线程切换开销比进程小。',12,2,9,2,1,'2026-02-12 09:00:00'),
(38,'补充：Java中的线程对应操作系统的轻量级进程（LWP）。',12,9,5,0,0,'2026-02-12 14:00:00'),
(39,'一个比喻：进程是工厂，线程是工厂里的工人。工人共享工厂的资源，但各自完成不同的任务。',12,4,7,1,0,'2026-02-13 09:00:00'),
(40,'推荐几个选题：1)在线考试系统 2)校园二手交易 3)问答社区 4)图书管理 5)博客系统。关键是要有亮点功能，比如推荐算法、实时通讯等。',13,2,14,3,1,'2026-02-13 09:00:00'),
(41,'做一个有实际用途的项目更好，导师和答辩评委会更认可。',13,15,8,1,0,'2026-02-13 14:00:00'),
(42,'我做的是校园社团管理系统，加了数据可视化，效果不错。',13,7,6,0,0,'2026-02-14 09:00:00'),
(43,'建议选自己熟悉的技术栈，不要为了毕设学新东西，容易翻车。',13,19,5,1,0,'2026-02-14 14:00:00'),
(44,'毕设最重要的是按时完成，选题量力而行。',13,11,4,0,0,'2026-02-15 09:00:00'),
(45,'三次握手：SYN→SYN+ACK→ACK，目的是确认双方的收发能力。四次挥手：FIN→ACK→FIN→ACK，因为TCP是全双工所以需要四次。',14,2,10,1,1,'2026-02-14 09:00:00'),
(46,'TIME_WAIT状态存在的原因：确保最后一个ACK能到达对方，以及等待网络中残留的数据包消失。',14,9,6,0,0,'2026-02-14 14:00:00'),
(47,'面试常考的追问：为什么不能二次握手？因为无法确认客户端的接收能力。',14,4,5,0,0,'2026-02-15 09:00:00'),
(48,'1)ViewHolder复用 2)DiffUtil差量更新 3)预加载prefetch 4)减少onBindViewHolder的逻辑 5)图片异步加载用Glide。',15,7,6,1,1,'2026-02-15 09:00:00'),
(49,'还可以设置RecyclerView的setHasFixedSize(true)，如果item高度固定的话。',15,4,3,0,0,'2026-02-15 14:00:00'),
(50,'GPT是学习的辅助工具，不能替代思考。建议用它来解释概念、调试代码、练习英语，但作业和考试不能依赖。',16,2,18,4,1,'2026-02-16 09:00:00');

-- 评论数据 (30+条)
INSERT INTO `comment` (`id`,`content`,`user_id`,`target_type`,`target_id`,`parent_id`,`reply_user_id`,`like_count`,`created_at`) VALUES
(1,'讲得很清楚，收藏了！',4,2,1,NULL,NULL,3,'2026-01-15 11:00:00'),
(2,'JDK8的实现确实优化了很多',9,2,1,NULL,NULL,2,'2026-01-15 11:30:00'),
(3,'请问CAS的ABA问题怎么解决？',15,2,1,1,4,1,'2026-01-16 09:30:00'),
(4,'用AtomicStampedReference解决ABA问题',2,2,1,3,15,2,'2026-01-16 10:00:00'),
(5,'Compose确实是趋势，但XML短期内不会被淘汰',5,2,4,NULL,NULL,2,'2026-01-19 10:00:00'),
(6,'同意，新旧项目可以混用',4,2,4,5,5,1,'2026-01-19 14:30:00'),
(7,'谢谢分享！非常有帮助',11,2,6,NULL,NULL,4,'2026-01-22 09:30:00'),
(8,'请问上机编程一般多长时间？',17,2,6,NULL,NULL,1,'2026-01-22 14:00:00'),
(9,'一般1-2小时，2-3道题',2,2,6,8,17,2,'2026-01-22 14:30:00'),
(10,'@Cacheable确实好用，注意缓存key的设计',7,2,10,NULL,NULL,2,'2026-01-24 09:00:00'),
(11,'精听比泛听效果好太多了',14,2,15,NULL,NULL,3,'2026-02-02 09:00:00'),
(12,'VOA慢速确实适合入门',6,2,16,NULL,NULL,1,'2026-02-02 14:00:00'),
(13,'EXPLAIN很重要，必须学会看执行计划',19,2,22,NULL,NULL,2,'2026-02-07 09:00:00'),
(14,'mark，面试前复习用',4,2,25,NULL,NULL,5,'2026-02-08 14:00:00'),
(15,'Hot100真的够了吗？感觉还是不够',12,2,25,NULL,NULL,1,'2026-02-09 09:00:00'),
(16,'Hot100刷透就够了，重在理解思路',2,2,25,15,12,3,'2026-02-09 09:30:00'),
(17,'同意先学Vue3，上手快',8,2,31,NULL,NULL,2,'2026-02-09 14:00:00'),
(18,'补充一个好问题，我也好奇谁更适合毕设',15,1,10,NULL,NULL,1,'2026-02-09 14:30:00'),
(19,'好的比喻！秒懂了',17,2,39,NULL,NULL,4,'2026-02-13 09:30:00'),
(20,'我选了博客系统，加了Markdown编辑器，效果还行',12,2,40,NULL,NULL,2,'2026-02-13 14:00:00'),
(21,'三次握手这块面试真的常考',13,2,45,NULL,NULL,3,'2026-02-14 14:00:00'),
(22,'DiffUtil是关键优化点',5,2,48,NULL,NULL,1,'2026-02-15 14:00:00'),
(23,'说得对，AI是工具不是答案',14,2,50,NULL,NULL,5,'2026-02-16 14:00:00'),
(24,'我觉得可以用GPT来理解概念，但要自己动手实践',4,2,50,NULL,NULL,3,'2026-02-16 14:30:00'),
(25,'图书馆WiFi从来没快过...',8,1,31,NULL,NULL,6,'2026-02-27 17:00:00'),
(26,'建个校园网投诉群吧',10,1,31,25,8,2,'2026-02-27 17:30:00'),
(27,'学校应该升级设备了',13,1,31,NULL,NULL,3,'2026-02-28 09:00:00'),
(28,'这个总结很全面！',4,1,27,NULL,NULL,2,'2026-02-25 15:30:00'),
(29,'Kotlin的协程确实比Java的线程好用',5,2,30,NULL,NULL,1,'2026-02-27 11:30:00'),
(30,'现在新项目基本都用Kotlin了',9,1,30,NULL,NULL,2,'2026-02-27 14:00:00');

-- 点赞数据
INSERT INTO `user_like` (`user_id`,`target_type`,`target_id`,`created_at`) VALUES
(4,2,1,'2026-01-15 11:00:00'),(5,2,1,'2026-01-16 09:00:00'),(9,2,1,'2026-01-16 10:00:00'),
(4,2,4,'2026-01-19 10:00:00'),(7,2,4,'2026-01-19 11:00:00'),
(11,2,6,'2026-01-22 09:30:00'),(17,2,6,'2026-01-22 14:00:00'),(4,2,6,'2026-01-23 09:00:00'),
(4,1,1,'2026-01-15 11:00:00'),(5,1,1,'2026-01-16 09:00:00'),(9,1,3,'2026-01-21 10:00:00'),
(11,1,3,'2026-01-22 09:00:00'),(4,1,9,'2026-02-08 09:00:00'),(5,1,9,'2026-02-08 10:00:00'),
(9,1,9,'2026-02-08 11:00:00'),(15,1,9,'2026-02-08 12:00:00'),(7,1,16,'2026-02-15 09:00:00'),
(12,1,16,'2026-02-15 10:00:00'),(4,2,25,'2026-02-08 14:00:00'),(5,2,25,'2026-02-08 15:00:00');

-- 收藏数据
INSERT INTO `user_favorite` (`user_id`,`question_id`,`created_at`) VALUES
(4,1,'2026-01-15 11:00:00'),(5,1,'2026-01-16 09:00:00'),(9,3,'2026-01-21 10:00:00'),
(11,3,'2026-01-22 09:00:00'),(4,9,'2026-02-08 09:00:00'),(5,9,'2026-02-08 10:00:00'),
(9,9,'2026-02-08 11:00:00'),(15,9,'2026-02-08 12:00:00'),(7,9,'2026-02-08 14:00:00'),
(12,10,'2026-02-09 09:00:00'),(4,13,'2026-02-12 10:00:00'),(15,13,'2026-02-12 11:00:00'),
(7,16,'2026-02-15 09:00:00'),(14,16,'2026-02-15 10:00:00'),(4,18,'2026-02-17 11:00:00');

-- 关注数据
INSERT INTO `user_follow` (`user_id`,`follow_user_id`,`created_at`) VALUES
(4,2,'2026-01-15 12:00:00'),(5,2,'2026-01-16 09:00:00'),(9,2,'2026-01-20 10:00:00'),
(11,2,'2026-01-22 09:00:00'),(4,9,'2026-01-21 10:00:00'),(5,9,'2026-01-22 09:00:00'),
(4,15,'2026-02-08 09:00:00'),(7,4,'2026-02-10 09:00:00'),(12,4,'2026-02-10 10:00:00'),
(5,4,'2026-02-11 09:00:00'),(9,15,'2026-02-12 09:00:00'),(15,9,'2026-02-12 10:00:00');

-- 通知数据
INSERT INTO `notification` (`user_id`,`sender_id`,`type`,`title`,`content`,`target_type`,`target_id`,`is_read`,`created_at`) VALUES
(4,2,1,'收到新回答','王教授回答了你的问题「Java中HashMap和ConcurrentHashMap的区别是什么？」',1,1,1,'2026-01-15 10:30:00'),
(4,9,1,'收到新回答','陈浩回答了你的问题',1,1,1,'2026-01-15 11:00:00'),
(2,4,4,'新粉丝','张明关注了你',4,4,1,'2026-01-15 12:00:00'),
(4,2,5,'回答被采纳','你的回答被采纳了',2,1,1,'2026-01-15 13:00:00'),
(9,2,1,'收到新回答','王教授回答了你的问题「如何准备计算机专业考研复试？」',1,3,0,'2026-01-21 09:00:00'),
(5,7,1,'收到新回答','赵强回答了你的问题「Android Jetpack Compose和传统XML布局？」',1,2,0,'2026-01-19 09:30:00'),
(4,7,4,'新粉丝','赵强关注了你',4,7,0,'2026-02-10 09:00:00'),
(4,12,4,'新粉丝','吴佳关注了你',4,12,0,'2026-02-10 10:00:00'),
(15,4,4,'新粉丝','张明关注了你',4,4,0,'2026-02-08 09:00:00'),
(2,11,4,'新粉丝','周磊关注了你',4,11,0,'2026-01-22 09:00:00');

-- 举报数据
INSERT INTO `report` (`user_id`,`target_type`,`target_id`,`reason`,`description`,`status`,`created_at`) VALUES
(4,2,19,1,'回答内容疑似广告推广',0,'2026-02-04 10:00:00'),
(6,3,5,3,'评论内容不友善',1,'2026-02-01 15:00:00'),
(9,1,31,5,'与学术无关的吐槽帖',0,'2026-02-28 09:30:00');

-- AI 默认配置
INSERT INTO `system_config` (`config_key`, `config_value`, `description`) VALUES
('ai_api_key', '', '硅基流动 API Key'),
('ai_model', 'deepseek-ai/DeepSeek-V2.5', 'AI 模型名称'),
('ai_base_url', 'https://api.siliconflow.cn/v1', 'AI API 地址'),
('ai_system_prompt', '你是一个校园知识问答助手。请根据用户的问题，给出详细、准确、有帮助的回答。回答要条理清晰，如果涉及多个要点，请使用编号列表格式。', 'AI 系统提示词');

-- 修正用户统计数据（根据实际关联数据计算）
UPDATE `user` u SET
  question_count = (SELECT COUNT(*) FROM question WHERE user_id = u.id AND status = 1),
  answer_count = (SELECT COUNT(*) FROM answer WHERE user_id = u.id AND status = 1),
  follower_count = (SELECT COUNT(*) FROM user_follow WHERE follow_user_id = u.id),
  following_count = (SELECT COUNT(*) FROM user_follow WHERE user_id = u.id),
  like_count = (
    SELECT COALESCE(SUM(cnt), 0) FROM (
      SELECT COUNT(*) AS cnt FROM user_like ul JOIN answer a ON ul.target_type=2 AND ul.target_id=a.id WHERE a.user_id = u.id
      UNION ALL
      SELECT COUNT(*) AS cnt FROM user_like ul JOIN question q ON ul.target_type=1 AND ul.target_id=q.id WHERE q.user_id = u.id
    ) t
  );
